{
  "menus": [
    {
      "restaurantId": 1,
      "categories": [
        {
          "id": "26576",
          "name": "Appeteasers",
          "menu-items": [
            {
              "id": "94298",
              "name": "3 Chicken Wings",
              "description": "Tender, Spicy and Juicy. Original or Peri-Crusted",
              "price": "250.00",
              "images": [
              ]
            },
            {
              "id": "94301",
              "name": "Chicken Livers and Portuguese Roll",
              "description": "Chicken Livers Topped with PERi-PERi Sauce, Served with A Roll To Soak Up The Sauce",
              "price": "250.00",
              "images": [
              ]
            }
          ]
        },
        {
          "id": "26588",
          "name": "Peri-peri chicken",
          "menu-items": [
            {
              "id": "94349",
              "name": "1/4 Chicken",
              "description": "Quarter Chicken Marinated with PERi-PERi Sauce and Grilled",
              "price": "385.00",
              "images": [
              ]
            },
            {
              "id": "94352",
              "name": "1/2 Chicken",
              "description": "Half Chicken Marinated with PERi-PERi Sauce and Grilled",
              "price": "685.00",
              "images": [
              ]
            }
          ]
        }
      ]
    }
  ]
}