{
  "restaurants": [
    {
      "id": 1,
      "name": "Mission Chinese Food",
      "neighborhood": "Manhattan",
      "photograph": "1.jpg",
      "address": "171 E Broadway, New York, NY 10002",
      "latlng": {
        "lat": 40.713829,
        "lng": -73.989667
      },
      "cuisine_type": "Asian, Chinese",
      "operating_hours": {
        "Monday": "5:30 pm - 11:00 pm",
        "Tuesday": "5:30 pm - 12:00 am",
        "Wednesday": "5:30 pm - 12:00 am",
        "Thursday": "5:30 pm - 12:00 am",
        "Friday": "5:30 pm - 12:00 am",
        "Saturday": "12:00 pm - 4:00 pm, 5:30 pm - 12:00 am",
        "Sunday": "12:00 pm - 4:00 pm, 5:30 pm - 11:00 pm"
      },
      "reviews": [
        {
          "name": "Steve",
          "date": "October 26, 2020",
          "rating": 4,
          "comments": "Mission Chinese Food has grown up from its scrappy Orchard Street days into a big, two story restaurant equipped with a pizza oven, a prime rib cart, and a much broader menu. Yes, it still has all the hits — the kung pao pastrami, the thrice cooked bacon —but chef/proprietor\nDanny Bowien and executive chef Angela Dimayuga have also added a raw bar, two\ngenerous family-style set menus, and showstoppers like duck baked in clay. And\nyou can still get a lot of food without breaking the bank."
        },
        {
          "name": "Morgan",
          "date": "October 26, 2020",
          "rating": 4,
          "comments": "This place is a blast. Must orders: GREEN TEA NOODS, sounds gross (to me at least) but these were incredible!, Kung pao\npastrami (but you already knew that), beef tartare was a fun appetizer that we\ndecided to try, the spicy ma po tofu SUPER spicy but delicious, egg rolls and\nscallion pancake i could have passed on... I wish we would have gone with a\nlarger group, so much more I would have liked to try!"
        },
        {
          "name": "Jason",
          "date": "October 26, 2020",
          "rating": 3,
          "comments": "I was VERY excited to come here after seeing and hearing so many good things about this place. Having read much, I knew going\ninto it that it was not going to be authentic Chinese. The place was edgy, had\na punk rock throwback attitude, and generally delivered the desired\natmosphere. Things went downhill from there though. The food was okay at best\nand the best qualities were easily overshadowed by what I believe to be poor\ndecisions by the kitchen staff."
        }
      ]
    },
    {
      "id": 2,
      "name": "Emily",
      "neighborhood": "Brooklyn",
      "photograph": "2.jpg",
      "address": "919 Fulton St, Brooklyn, NY 11238",
      "latlng": {
        "lat": 40.683555,
        "lng": -73.966393
      },
      "cuisine_type": "Pizza, American",
      "operating_hours": {
        "Monday": "5:30 pm - 11:00 pm",
        "Tuesday": "5:30 pm - 11:00 pm",
        "Wednesday": "5:30 pm - 11:00 pm",
        "Thursday": "5:30 pm - 11:00 pm",
        "Friday": "5:30 pm - 11:00 pm",
        "Saturday": "5:00 pm - 11:30 pm",
        "Sunday": "12:00 pm - 3:00 pm, 5:00 pm - 11:00 pm"
      },
      "reviews": [
        {
          "name": "Steph",
          "date": "October 26, 2020",
          "rating": 4,
          "comments": "Five star food, two star atmosphere. I would definitely get takeout from this place - but dont think I have the energy to\ndeal with the hipster ridiculousness again. By the time we left the wait was\ntwo hours long."
        },
        {
          "name": "Steve",
          "date": "October 26, 2020",
          "rating": 4,
          "comments": "This cozy Clinton Hill restaurant excels at both straightforward and unusual wood-fired pizzas. If you want a taste of the\nlatter, consider ordering the Emily, which is topped with mozzarella,\npistachios, truffled sottocenere cheese, and honey. The menu includes salads\nand a handful of starters, as well as a burger that some meat connoisseurs\nconsider to be among the best in the city."
        },
        {
          "name": "Sam",
          "date": "October 26, 2020",
          "rating": 5,
          "comments": "5 star atmosphere as it is very cozy with great staff. 5 star food as their Emmy burger is outrageously good. and it's on a\npretzel bun.. Too juicy for its own good and downright addicting. Also try the\nColony pizza. Many others looked like worthy competitors, but the Colony\nreally found its way to my heart. When you start with a great crust, top it\nwith top notch cheese and sauce, you've got a winner. But, if you go a step\nfurther and add the salty from the pepperoni, the sweet from the honey, and\nthe spicy from the chili oil.... your mouth is confused and happy at the same\ntime."
        }
      ]
    }
  ]
}